{
    "test_loss": 9.929891586303711,
    "test_acc": 0.9628046751022339
}