{
    "test_loss": 17.983015060424805,
    "test_acc": 0.9425898194313049
}